name,emoji,family,tags,tier,act_min,act_max,level_min,level_max,weight,base_difficulty,hp_base,hp_per_level,dmg_base,dmg_per_level,exp_base,exp_per_level,gold_base,gold_per_level,boss_allowed,boss_hp_mult,boss_dmg_mult,boss_reward_mult,elite_chance,max_affixes
Костяк,💀,undead,"[""crypt"", ""ruins"", ""cursed"", ""fortress""]",1,1,1,1,10,100,8,24,8,3,2,8,3,6,2,true,2.5,1.8,2.0,0.06,4
Скелет-воин,💀,undead,"[""crypt"", ""ruins"", ""cursed"", ""fortress""]",2,1,2,8,20,100,12,36,9,5,3,12,3,10,3,true,2.5,1.8,2.0,0.06,4
Скелет-сержант,💀,undead,"[""crypt"", ""ruins"", ""cursed"", ""fortress""]",3,2,3,18,30,100,16,52,10,8,3,18,4,14,3,true,2.5,1.8,2.0,0.06,4
Скелет-рыцарь,💀,undead,"[""crypt"", ""ruins"", ""cursed"", ""fortress""]",4,3,4,28,40,100,20,74,11,12,4,26,4,20,4,true,2.5,1.8,2.0,0.06,4
Скелет-генерал,💀,undead,"[""crypt"", ""ruins"", ""cursed"", ""fortress""]",5,4,5,38,50,100,26,100,13,17,5,36,5,28,5,true,2.5,1.8,2.0,0.06,4
Гнилой труп,🧟,undead,"[""crypt"", ""ruins"", ""cursed"", ""swamp""]",1,1,1,1,10,100,8,24,8,3,2,8,3,6,2,true,2.5,1.8,2.0,0.06,4
Зомби,🧟,undead,"[""crypt"", ""ruins"", ""cursed"", ""swamp""]",2,1,2,8,20,100,12,36,9,5,3,12,3,10,3,true,2.5,1.8,2.0,0.06,4
Чумной зомби,🧟,undead,"[""crypt"", ""ruins"", ""cursed"", ""swamp""]",3,2,3,18,30,100,16,52,10,8,3,18,4,14,3,true,2.5,1.8,2.0,0.06,4
Зомби-берсерк,🧟,undead,"[""crypt"", ""ruins"", ""cursed"", ""swamp""]",4,3,4,28,40,100,20,74,11,12,4,26,4,20,4,true,2.5,1.8,2.0,0.06,4
Мёртвый великан,🧟,undead,"[""crypt"", ""ruins"", ""cursed"", ""swamp""]",5,4,5,38,50,100,26,100,13,17,5,36,5,28,5,true,2.5,1.8,2.0,0.06,4
Тень,👻,undead,"[""crypt"", ""ruins"", ""cursed""]",1,1,1,1,10,100,8,24,8,3,2,8,3,6,2,true,2.5,1.8,2.0,0.06,4
Дух,👻,undead,"[""crypt"", ""ruins"", ""cursed""]",2,1,2,8,20,100,12,36,9,5,3,12,3,10,3,true,2.5,1.8,2.0,0.06,4
Призрак,👻,undead,"[""crypt"", ""ruins"", ""cursed""]",3,2,3,18,30,100,16,52,10,8,3,18,4,14,3,true,2.5,1.8,2.0,0.06,4
Банши,👻,undead,"[""crypt"", ""ruins"", ""cursed""]",4,3,4,28,40,100,20,74,11,12,4,26,4,20,4,true,2.5,1.8,2.0,0.06,4
Страж могил,👻,undead,"[""crypt"", ""ruins"", ""cursed""]",5,4,5,38,50,100,26,100,13,17,5,36,5,28,5,true,2.5,1.8,2.0,0.06,4
Гуль,🦷,undead,"[""crypt"", ""ruins"", ""cursed"", ""cave""]",1,1,1,1,10,100,8,24,8,3,2,8,3,6,2,true,2.5,1.8,2.0,0.06,4
Упырь,🦷,undead,"[""crypt"", ""ruins"", ""cursed"", ""cave""]",2,1,2,8,20,100,12,36,9,5,3,12,3,10,3,true,2.5,1.8,2.0,0.06,4
Охотник на живых,🦷,undead,"[""crypt"", ""ruins"", ""cursed"", ""cave""]",3,2,3,18,30,100,16,52,10,8,3,18,4,14,3,true,2.5,1.8,2.0,0.06,4
Проклятый рыцарь,🦷,undead,"[""crypt"", ""ruins"", ""cursed"", ""cave""]",4,3,4,28,40,100,20,74,11,12,4,26,4,20,4,true,2.5,1.8,2.0,0.06,4
Жнец душ,🦷,undead,"[""crypt"", ""ruins"", ""cursed"", ""cave""]",5,4,5,38,50,100,26,100,13,17,5,36,5,28,5,true,2.5,1.8,2.0,0.06,4
Костяной маг,🧙,undead,"[""crypt"", ""ruins"", ""cursed"", ""ruins""]",1,1,1,1,10,100,8,24,8,3,2,8,3,6,2,true,2.5,1.8,2.0,0.06,4
Некромант-слуга,🧙,undead,"[""crypt"", ""ruins"", ""cursed"", ""ruins""]",2,1,2,8,20,100,12,36,9,5,3,12,3,10,3,true,2.5,1.8,2.0,0.06,4
Архимаг смерти,🧙,undead,"[""crypt"", ""ruins"", ""cursed"", ""ruins""]",3,2,3,18,30,100,16,52,10,8,3,18,4,14,3,true,2.5,1.8,2.0,0.06,4
Личный маг Лича,🧙,undead,"[""crypt"", ""ruins"", ""cursed"", ""ruins""]",4,3,4,28,40,100,20,74,11,12,4,26,4,20,4,true,2.5,1.8,2.0,0.06,4
Лич,🧙,undead,"[""crypt"", ""ruins"", ""cursed"", ""ruins""]",5,4,5,38,50,100,26,100,13,17,5,36,5,28,5,true,2.5,1.8,2.0,0.06,4
Летучая мышь-кровосос,🧛,undead,"[""crypt"", ""ruins"", ""cursed"", ""cave"", ""fortress""]",1,1,1,1,10,100,8,24,8,3,2,8,3,6,2,true,2.5,1.8,2.0,0.06,4
Вампир-слуга,🧛,undead,"[""crypt"", ""ruins"", ""cursed"", ""cave"", ""fortress""]",2,1,2,8,20,100,12,36,9,5,3,12,3,10,3,true,2.5,1.8,2.0,0.06,4
Вампир,🧛,undead,"[""crypt"", ""ruins"", ""cursed"", ""cave"", ""fortress""]",3,2,3,18,30,100,16,52,10,8,3,18,4,14,3,true,2.5,1.8,2.0,0.06,4
Лорд вампиров,🧛,undead,"[""crypt"", ""ruins"", ""cursed"", ""cave"", ""fortress""]",4,3,4,28,40,100,20,74,11,12,4,26,4,20,4,true,2.5,1.8,2.0,0.06,4
Князь тьмы,🧛,undead,"[""crypt"", ""ruins"", ""cursed"", ""cave"", ""fortress""]",5,4,5,38,50,100,26,100,13,17,5,36,5,28,5,true,2.5,1.8,2.0,0.06,4
Забинтованный труп,🪦,undead,"[""desert"", ""ruins"", ""cursed""]",1,1,1,1,10,100,8,24,8,3,2,8,3,6,2,true,2.5,1.8,2.0,0.06,4
Мумия,🪦,undead,"[""desert"", ""ruins"", ""cursed""]",2,1,2,8,20,100,12,36,9,5,3,12,3,10,3,true,2.5,1.8,2.0,0.06,4
Мумия-страж,🪦,undead,"[""desert"", ""ruins"", ""cursed""]",3,2,3,18,30,100,16,52,10,8,3,18,4,14,3,true,2.5,1.8,2.0,0.06,4
Проклятая мумия,🪦,undead,"[""desert"", ""ruins"", ""cursed""]",4,3,4,28,40,100,20,74,11,12,4,26,4,20,4,true,2.5,1.8,2.0,0.06,4
Фараон мёртвых,🪦,undead,"[""desert"", ""ruins"", ""cursed""]",5,4,5,38,50,100,26,100,13,17,5,36,5,28,5,true,2.5,1.8,2.0,0.06,4
Волчонок,🐺,beast,"[""forest"", ""tundra""]",1,1,1,1,10,100,8,24,8,3,2,8,3,6,2,true,2.5,1.8,2.0,0.06,4
Волк,🐺,beast,"[""forest"", ""tundra""]",2,1,2,8,20,100,12,36,9,5,3,12,3,10,3,true,2.5,1.8,2.0,0.06,4
Матёрый волк,🐺,beast,"[""forest"", ""tundra""]",3,2,3,18,30,100,16,52,10,8,3,18,4,14,3,true,2.5,1.8,2.0,0.06,4
Вожак стаи,🐺,beast,"[""forest"", ""tundra""]",4,3,4,28,40,100,20,74,11,12,4,26,4,20,4,true,2.5,1.8,2.0,0.06,4
Альфа-хищник,🐺,beast,"[""forest"", ""tundra""]",5,4,5,38,50,100,26,100,13,17,5,36,5,28,5,true,2.5,1.8,2.0,0.06,4
Медвежонок,🐻,beast,"[""forest""]",1,1,1,1,10,100,8,24,8,3,2,8,3,6,2,true,2.5,1.8,2.0,0.06,4
Медведь,🐻,beast,"[""forest""]",2,1,2,8,20,100,12,36,9,5,3,12,3,10,3,true,2.5,1.8,2.0,0.06,4
Лесной медведь,🐻,beast,"[""forest""]",3,2,3,18,30,100,16,52,10,8,3,18,4,14,3,true,2.5,1.8,2.0,0.06,4
Медведь-шаман,🐻,beast,"[""forest""]",4,3,4,28,40,100,20,74,11,12,4,26,4,20,4,true,2.5,1.8,2.0,0.06,4
Древний медведь,🐻,beast,"[""forest""]",5,4,5,38,50,100,26,100,13,17,5,36,5,28,5,true,2.5,1.8,2.0,0.06,4
Летучая мышь,🦇,beast,"[""cave"", ""crypt""]",1,1,1,1,10,100,8,24,8,3,2,8,3,6,2,true,2.5,1.8,2.0,0.06,4
Кровосос,🦇,beast,"[""cave"", ""crypt""]",2,1,2,8,20,100,12,36,9,5,3,12,3,10,3,true,2.5,1.8,2.0,0.06,4
Пещерный охотник,🦇,beast,"[""cave"", ""crypt""]",3,2,3,18,30,100,16,52,10,8,3,18,4,14,3,true,2.5,1.8,2.0,0.06,4
Гигантская мышь,🦇,beast,"[""cave"", ""crypt""]",4,3,4,28,40,100,20,74,11,12,4,26,4,20,4,true,2.5,1.8,2.0,0.06,4
Мышь-властелин,🦇,beast,"[""cave"", ""crypt""]",5,4,5,38,50,100,26,100,13,17,5,36,5,28,5,true,2.5,1.8,2.0,0.06,4
Паучок,🕷️,beast,"[""cave"", ""ruins""]",1,1,1,1,10,100,8,24,8,3,2,8,3,6,2,true,2.5,1.8,2.0,0.06,4
Пещерный паук,🕷️,beast,"[""cave"", ""ruins""]",2,1,2,8,20,100,12,36,9,5,3,12,3,10,3,true,2.5,1.8,2.0,0.06,4
Ядовитый паук,🕷️,beast,"[""cave"", ""ruins""]",3,2,3,18,30,100,16,52,10,8,3,18,4,14,3,true,2.5,1.8,2.0,0.06,4
Паук-охотник,🕷️,beast,"[""cave"", ""ruins""]",4,3,4,28,40,100,20,74,11,12,4,26,4,20,4,true,2.5,1.8,2.0,0.06,4
Паук-матка,🕷️,beast,"[""cave"", ""ruins""]",5,4,5,38,50,100,26,100,13,17,5,36,5,28,5,true,2.5,1.8,2.0,0.06,4
Ящерка,🦎,beast,"[""swamp"", ""desert""]",1,1,1,1,10,100,8,24,8,3,2,8,3,6,2,true,2.5,1.8,2.0,0.06,4
Ящер,🦎,beast,"[""swamp"", ""desert""]",2,1,2,8,20,100,12,36,9,5,3,12,3,10,3,true,2.5,1.8,2.0,0.06,4
Болотный варан,🦎,beast,"[""swamp"", ""desert""]",3,2,3,18,30,100,16,52,10,8,3,18,4,14,3,true,2.5,1.8,2.0,0.06,4
Ящер-страж,🦎,beast,"[""swamp"", ""desert""]",4,3,4,28,40,100,20,74,11,12,4,26,4,20,4,true,2.5,1.8,2.0,0.06,4
Ящер-предок,🦎,beast,"[""swamp"", ""desert""]",5,4,5,38,50,100,26,100,13,17,5,36,5,28,5,true,2.5,1.8,2.0,0.06,4
Крыса,🐀,beast,"[""cave"", ""ruins"", ""fortress""]",1,1,1,1,10,100,8,24,8,3,2,8,3,6,2,true,2.5,1.8,2.0,0.06,4
Гигантская крыса,🐀,beast,"[""cave"", ""ruins"", ""fortress""]",2,1,2,8,20,100,12,36,9,5,3,12,3,10,3,true,2.5,1.8,2.0,0.06,4
Крыса-мутант,🐀,beast,"[""cave"", ""ruins"", ""fortress""]",3,2,3,18,30,100,16,52,10,8,3,18,4,14,3,true,2.5,1.8,2.0,0.06,4
Крысиный вожак,🐀,beast,"[""cave"", ""ruins"", ""fortress""]",4,3,4,28,40,100,20,74,11,12,4,26,4,20,4,true,2.5,1.8,2.0,0.06,4
Крысиный лорд,🐀,beast,"[""cave"", ""ruins"", ""fortress""]",5,4,5,38,50,100,26,100,13,17,5,36,5,28,5,true,2.5,1.8,2.0,0.06,4
Кабанчик,🐗,beast,"[""forest""]",1,1,1,1,10,100,8,24,8,3,2,8,3,6,2,true,2.5,1.8,2.0,0.06,4
Кабан,🐗,beast,"[""forest""]",2,1,2,8,20,100,12,36,9,5,3,12,3,10,3,true,2.5,1.8,2.0,0.06,4
Лесной секач,🐗,beast,"[""forest""]",3,2,3,18,30,100,16,52,10,8,3,18,4,14,3,true,2.5,1.8,2.0,0.06,4
Кабан-берсерк,🐗,beast,"[""forest""]",4,3,4,28,40,100,20,74,11,12,4,26,4,20,4,true,2.5,1.8,2.0,0.06,4
Великий вепрь,🐗,beast,"[""forest""]",5,4,5,38,50,100,26,100,13,17,5,36,5,28,5,true,2.5,1.8,2.0,0.06,4
Дикая кошка,🐆,beast,"[""forest"", ""desert""]",1,1,1,1,10,100,8,24,8,3,2,8,3,6,2,true,2.5,1.8,2.0,0.06,4
Пантера,🐆,beast,"[""forest"", ""desert""]",2,1,2,8,20,100,12,36,9,5,3,12,3,10,3,true,2.5,1.8,2.0,0.06,4
Саблезубый кот,🐆,beast,"[""forest"", ""desert""]",3,2,3,18,30,100,16,52,10,8,3,18,4,14,3,true,2.5,1.8,2.0,0.06,4
Лесной лев,🐆,beast,"[""forest"", ""desert""]",4,3,4,28,40,100,20,74,11,12,4,26,4,20,4,true,2.5,1.8,2.0,0.06,4
Древний тигр,🐆,beast,"[""forest"", ""desert""]",5,4,5,38,50,100,26,100,13,17,5,36,5,28,5,true,2.5,1.8,2.0,0.06,4
Гадюка,🐍,beast,"[""swamp"", ""desert"", ""cave""]",1,1,1,1,10,100,8,24,8,3,2,8,3,6,2,true,2.5,1.8,2.0,0.06,4
Удав,🐍,beast,"[""swamp"", ""desert"", ""cave""]",2,1,2,8,20,100,12,36,9,5,3,12,3,10,3,true,2.5,1.8,2.0,0.06,4
Ядовитая кобра,🐍,beast,"[""swamp"", ""desert"", ""cave""]",3,2,3,18,30,100,16,52,10,8,3,18,4,14,3,true,2.5,1.8,2.0,0.06,4
Змей-охотник,🐍,beast,"[""swamp"", ""desert"", ""cave""]",4,3,4,28,40,100,20,74,11,12,4,26,4,20,4,true,2.5,1.8,2.0,0.06,4
Великий змей,🐍,beast,"[""swamp"", ""desert"", ""cave""]",5,4,5,38,50,100,26,100,13,17,5,36,5,28,5,true,2.5,1.8,2.0,0.06,4
Скорпион,🦂,beast,"[""desert"", ""cave""]",1,1,1,1,10,100,8,24,8,3,2,8,3,6,2,true,2.5,1.8,2.0,0.06,4
Пустынный скорпион,🦂,beast,"[""desert"", ""cave""]",2,1,2,8,20,100,12,36,9,5,3,12,3,10,3,true,2.5,1.8,2.0,0.06,4
Броненосный скорпион,🦂,beast,"[""desert"", ""cave""]",3,2,3,18,30,100,16,52,10,8,3,18,4,14,3,true,2.5,1.8,2.0,0.06,4
Скорпион-убийца,🦂,beast,"[""desert"", ""cave""]",4,3,4,28,40,100,20,74,11,12,4,26,4,20,4,true,2.5,1.8,2.0,0.06,4
Владыка скорпионов,🦂,beast,"[""desert"", ""cave""]",5,4,5,38,50,100,26,100,13,17,5,36,5,28,5,true,2.5,1.8,2.0,0.06,4
Краб,🦑,beast,"[""sea_depth""]",1,1,1,1,10,100,8,24,8,3,2,8,3,6,2,true,2.5,1.8,2.0,0.06,4
Акула-молот,🦑,beast,"[""sea_depth""]",2,1,2,8,20,100,12,36,9,5,3,12,3,10,3,true,2.5,1.8,2.0,0.06,4
Морской змей,🦑,beast,"[""sea_depth""]",3,2,3,18,30,100,16,52,10,8,3,18,4,14,3,true,2.5,1.8,2.0,0.06,4
Гигантский осьминог,🦑,beast,"[""sea_depth""]",4,3,4,28,40,100,20,74,11,12,4,26,4,20,4,true,2.5,1.8,2.0,0.06,4
Кракен,🦑,beast,"[""sea_depth""]",5,4,5,38,50,100,26,100,13,17,5,36,5,28,5,true,2.5,1.8,2.0,0.06,4
Белый медведь,🐘,beast,"[""tundra""]",1,1,1,1,10,100,8,24,8,3,2,8,3,6,2,true,2.5,1.8,2.0,0.06,4
Полярный волк,🐘,beast,"[""tundra""]",2,1,2,8,20,100,12,36,9,5,3,12,3,10,3,true,2.5,1.8,2.0,0.06,4
Мамонт,🐘,beast,"[""tundra""]",3,2,3,18,30,100,16,52,10,8,3,18,4,14,3,true,2.5,1.8,2.0,0.06,4
Ледяной великан,🐘,beast,"[""tundra""]",4,3,4,28,40,100,20,74,11,12,4,26,4,20,4,true,2.5,1.8,2.0,0.06,4
Вечный зверь,🐘,beast,"[""tundra""]",5,4,5,38,50,100,26,100,13,17,5,36,5,28,5,true,2.5,1.8,2.0,0.06,4
Ворон-разведчик,🦅,beast,"[""sky"", ""forest""]",1,1,1,1,10,100,8,24,8,3,2,8,3,6,2,true,2.5,1.8,2.0,0.06,4
Гарпия,🦅,beast,"[""sky"", ""forest""]",2,1,2,8,20,100,12,36,9,5,3,12,3,10,3,true,2.5,1.8,2.0,0.06,4
Гриф,🦅,beast,"[""sky"", ""forest""]",3,2,3,18,30,100,16,52,10,8,3,18,4,14,3,true,2.5,1.8,2.0,0.06,4
Виверна,🦅,beast,"[""sky"", ""forest""]",4,3,4,28,40,100,20,74,11,12,4,26,4,20,4,true,2.5,1.8,2.0,0.06,4
Рок,🦅,beast,"[""sky"", ""forest""]",5,4,5,38,50,100,26,100,13,17,5,36,5,28,5,true,2.5,1.8,2.0,0.06,4
Гоблин-слабак,👺,humanoid,"[""forest"", ""cave""]",1,1,1,1,10,100,8,24,8,3,2,8,3,6,2,true,2.5,1.8,2.0,0.06,4
Гоблин,👺,humanoid,"[""forest"", ""cave""]",2,1,2,8,20,100,12,36,9,5,3,12,3,10,3,true,2.5,1.8,2.0,0.06,4
Гоблин-боец,👺,humanoid,"[""forest"", ""cave""]",3,2,3,18,30,100,16,52,10,8,3,18,4,14,3,true,2.5,1.8,2.0,0.06,4
Гоблин-шаман,👺,humanoid,"[""forest"", ""cave""]",4,3,4,28,40,100,20,74,11,12,4,26,4,20,4,true,2.5,1.8,2.0,0.06,4
Гоблин-вождь,👺,humanoid,"[""forest"", ""cave""]",5,4,5,38,50,100,26,100,13,17,5,36,5,28,5,true,2.5,1.8,2.0,0.06,4
Орк-рекрут,🪓,humanoid,"[""fortress"", ""ruins""]",1,1,1,1,10,100,8,24,8,3,2,8,3,6,2,true,2.5,1.8,2.0,0.06,4
Орк-воин,🪓,humanoid,"[""fortress"", ""ruins""]",2,1,2,8,20,100,12,36,9,5,3,12,3,10,3,true,2.5,1.8,2.0,0.06,4
Орк-берсерк,🪓,humanoid,"[""fortress"", ""ruins""]",3,2,3,18,30,100,16,52,10,8,3,18,4,14,3,true,2.5,1.8,2.0,0.06,4
Орк-вожак,🪓,humanoid,"[""fortress"", ""ruins""]",4,3,4,28,40,100,20,74,11,12,4,26,4,20,4,true,2.5,1.8,2.0,0.06,4
Военный вождь орков,🪓,humanoid,"[""fortress"", ""ruins""]",5,4,5,38,50,100,26,100,13,17,5,36,5,28,5,true,2.5,1.8,2.0,0.06,4
Бродяга,🗡️,humanoid,"[""forest"", ""cave"", ""fortress""]",1,1,1,1,10,100,8,24,8,3,2,8,3,6,2,true,2.5,1.8,2.0,0.06,4
Бандит,🗡️,humanoid,"[""forest"", ""cave"", ""fortress""]",2,1,2,8,20,100,12,36,9,5,3,12,3,10,3,true,2.5,1.8,2.0,0.06,4
Разбойник,🗡️,humanoid,"[""forest"", ""cave"", ""fortress""]",3,2,3,18,30,100,16,52,10,8,3,18,4,14,3,true,2.5,1.8,2.0,0.06,4
Наёмник,🗡️,humanoid,"[""forest"", ""cave"", ""fortress""]",4,3,4,28,40,100,20,74,11,12,4,26,4,20,4,true,2.5,1.8,2.0,0.06,4
Мастер клинка,🗡️,humanoid,"[""forest"", ""cave"", ""fortress""]",5,4,5,38,50,100,26,100,13,17,5,36,5,28,5,true,2.5,1.8,2.0,0.06,4
Послушник,🕯️,humanoid,"[""ruins"", ""crypt"", ""cursed""]",1,1,1,1,10,100,8,24,8,3,2,8,3,6,2,true,2.5,1.8,2.0,0.06,4
Культист,🕯️,humanoid,"[""ruins"", ""crypt"", ""cursed""]",2,1,2,8,20,100,12,36,9,5,3,12,3,10,3,true,2.5,1.8,2.0,0.06,4
Адепт тьмы,🕯️,humanoid,"[""ruins"", ""crypt"", ""cursed""]",3,2,3,18,30,100,16,52,10,8,3,18,4,14,3,true,2.5,1.8,2.0,0.06,4
Жрец тьмы,🕯️,humanoid,"[""ruins"", ""crypt"", ""cursed""]",4,3,4,28,40,100,20,74,11,12,4,26,4,20,4,true,2.5,1.8,2.0,0.06,4
Избранник бездны,🕯️,humanoid,"[""ruins"", ""crypt"", ""cursed""]",5,4,5,38,50,100,26,100,13,17,5,36,5,28,5,true,2.5,1.8,2.0,0.06,4
Городской страж,🛡️,humanoid,"[""fortress""]",1,1,1,1,10,100,8,24,8,3,2,8,3,6,2,true,2.5,1.8,2.0,0.06,4
Воин-страж,🛡️,humanoid,"[""fortress""]",2,1,2,8,20,100,12,36,9,5,3,12,3,10,3,true,2.5,1.8,2.0,0.06,4
Элитный страж,🛡️,humanoid,"[""fortress""]",3,2,3,18,30,100,16,52,10,8,3,18,4,14,3,true,2.5,1.8,2.0,0.06,4
Капитан стражи,🛡️,humanoid,"[""fortress""]",4,3,4,28,40,100,20,74,11,12,4,26,4,20,4,true,2.5,1.8,2.0,0.06,4
Маршал крепости,🛡️,humanoid,"[""fortress""]",5,4,5,38,50,100,26,100,13,17,5,36,5,28,5,true,2.5,1.8,2.0,0.06,4
Матрос,⚓,humanoid,"[""sea_depth"", ""fortress""]",1,1,1,1,10,100,8,24,8,3,2,8,3,6,2,true,2.5,1.8,2.0,0.06,4
Пират,⚓,humanoid,"[""sea_depth"", ""fortress""]",2,1,2,8,20,100,12,36,9,5,3,12,3,10,3,true,2.5,1.8,2.0,0.06,4
Морской разбойник,⚓,humanoid,"[""sea_depth"", ""fortress""]",3,2,3,18,30,100,16,52,10,8,3,18,4,14,3,true,2.5,1.8,2.0,0.06,4
Капитан пиратов,⚓,humanoid,"[""sea_depth"", ""fortress""]",4,3,4,28,40,100,20,74,11,12,4,26,4,20,4,true,2.5,1.8,2.0,0.06,4
Адмирал флота,⚓,humanoid,"[""sea_depth"", ""fortress""]",5,4,5,38,50,100,26,100,13,17,5,36,5,28,5,true,2.5,1.8,2.0,0.06,4
Дикарь,🪃,humanoid,"[""tundra"", ""forest""]",1,1,1,1,10,100,8,24,8,3,2,8,3,6,2,true,2.5,1.8,2.0,0.06,4
Варвар,🪃,humanoid,"[""tundra"", ""forest""]",2,1,2,8,20,100,12,36,9,5,3,12,3,10,3,true,2.5,1.8,2.0,0.06,4
Берсерк-варвар,🪃,humanoid,"[""tundra"", ""forest""]",3,2,3,18,30,100,16,52,10,8,3,18,4,14,3,true,2.5,1.8,2.0,0.06,4
Вождь племени,🪃,humanoid,"[""tundra"", ""forest""]",4,3,4,28,40,100,20,74,11,12,4,26,4,20,4,true,2.5,1.8,2.0,0.06,4
Король варваров,🪃,humanoid,"[""tundra"", ""forest""]",5,4,5,38,50,100,26,100,13,17,5,36,5,28,5,true,2.5,1.8,2.0,0.06,4
Налётчик,🏜️,humanoid,"[""desert""]",1,1,1,1,10,100,8,24,8,3,2,8,3,6,2,true,2.5,1.8,2.0,0.06,4
Разбойник-кочевник,🏜️,humanoid,"[""desert""]",2,1,2,8,20,100,12,36,9,5,3,12,3,10,3,true,2.5,1.8,2.0,0.06,4
Пустынный воин,🏜️,humanoid,"[""desert""]",3,2,3,18,30,100,16,52,10,8,3,18,4,14,3,true,2.5,1.8,2.0,0.06,4
Шейх бандитов,🏜️,humanoid,"[""desert""]",4,3,4,28,40,100,20,74,11,12,4,26,4,20,4,true,2.5,1.8,2.0,0.06,4
Хан пустыни,🏜️,humanoid,"[""desert""]",5,4,5,38,50,100,26,100,13,17,5,36,5,28,5,true,2.5,1.8,2.0,0.06,4
Гном-шахтёр,⛏️,humanoid,"[""cave"", ""fortress""]",1,1,1,1,10,100,8,24,8,3,2,8,3,6,2,true,2.5,1.8,2.0,0.06,4
Гном-боец,⛏️,humanoid,"[""cave"", ""fortress""]",2,1,2,8,20,100,12,36,9,5,3,12,3,10,3,true,2.5,1.8,2.0,0.06,4
Гном-инженер,⛏️,humanoid,"[""cave"", ""fortress""]",3,2,3,18,30,100,16,52,10,8,3,18,4,14,3,true,2.5,1.8,2.0,0.06,4
Гном-командир,⛏️,humanoid,"[""cave"", ""fortress""]",4,3,4,28,40,100,20,74,11,12,4,26,4,20,4,true,2.5,1.8,2.0,0.06,4
Тёмный лорд гномов,⛏️,humanoid,"[""cave"", ""fortress""]",5,4,5,38,50,100,26,100,13,17,5,36,5,28,5,true,2.5,1.8,2.0,0.06,4
Бес,😈,demon,"[""abyss"", ""crypt"", ""cursed""]",1,1,1,1,10,100,8,24,8,3,2,8,3,6,2,true,2.5,1.8,2.0,0.06,4
Imp,😈,demon,"[""abyss"", ""crypt"", ""cursed""]",2,1,2,8,20,100,12,36,9,5,3,12,3,10,3,true,2.5,1.8,2.0,0.06,4
Демон-пехотинец,😈,demon,"[""abyss"", ""crypt"", ""cursed""]",3,2,3,18,30,100,16,52,10,8,3,18,4,14,3,true,2.5,1.8,2.0,0.06,4
Демон-страж,😈,demon,"[""abyss"", ""crypt"", ""cursed""]",4,3,4,28,40,100,20,74,11,12,4,26,4,20,4,true,2.5,1.8,2.0,0.06,4
Архидемон,😈,demon,"[""abyss"", ""crypt"", ""cursed""]",5,4,5,38,50,100,26,100,13,17,5,36,5,28,5,true,2.5,1.8,2.0,0.06,4
Теневой шпион,🌑,demon,"[""abyss"", ""crypt"", ""cursed"", ""ruins""]",1,1,1,1,10,100,8,24,8,3,2,8,3,6,2,true,2.5,1.8,2.0,0.06,4
Теневой охотник,🌑,demon,"[""abyss"", ""crypt"", ""cursed"", ""ruins""]",2,1,2,8,20,100,12,36,9,5,3,12,3,10,3,true,2.5,1.8,2.0,0.06,4
Теневой убийца,🌑,demon,"[""abyss"", ""crypt"", ""cursed"", ""ruins""]",3,2,3,18,30,100,16,52,10,8,3,18,4,14,3,true,2.5,1.8,2.0,0.06,4
Мастер теней,🌑,demon,"[""abyss"", ""crypt"", ""cursed"", ""ruins""]",4,3,4,28,40,100,20,74,11,12,4,26,4,20,4,true,2.5,1.8,2.0,0.06,4
Лорд теней,🌑,demon,"[""abyss"", ""crypt"", ""cursed"", ""ruins""]",5,4,5,38,50,100,26,100,13,17,5,36,5,28,5,true,2.5,1.8,2.0,0.06,4
Суккуб-новобранец,😏,demon,"[""abyss"", ""crypt"", ""cursed"", ""fortress""]",1,1,1,1,10,100,8,24,8,3,2,8,3,6,2,true,2.5,1.8,2.0,0.06,4
Суккуб,😏,demon,"[""abyss"", ""crypt"", ""cursed"", ""fortress""]",2,1,2,8,20,100,12,36,9,5,3,12,3,10,3,true,2.5,1.8,2.0,0.06,4
Соблазнительница,😏,demon,"[""abyss"", ""crypt"", ""cursed"", ""fortress""]",3,2,3,18,30,100,16,52,10,8,3,18,4,14,3,true,2.5,1.8,2.0,0.06,4
Повелительница демонов,😏,demon,"[""abyss"", ""crypt"", ""cursed"", ""fortress""]",4,3,4,28,40,100,20,74,11,12,4,26,4,20,4,true,2.5,1.8,2.0,0.06,4
Королева демонов,😏,demon,"[""abyss"", ""crypt"", ""cursed"", ""fortress""]",5,4,5,38,50,100,26,100,13,17,5,36,5,28,5,true,2.5,1.8,2.0,0.06,4
Огненный бес,👿,demon,"[""abyss"", ""crypt"", ""cursed"", ""volcano""]",1,1,1,1,10,100,8,24,8,3,2,8,3,6,2,true,2.5,1.8,2.0,0.06,4
Демон огня,👿,demon,"[""abyss"", ""crypt"", ""cursed"", ""volcano""]",2,1,2,8,20,100,12,36,9,5,3,12,3,10,3,true,2.5,1.8,2.0,0.06,4
Балрог-страж,👿,demon,"[""abyss"", ""crypt"", ""cursed"", ""volcano""]",3,2,3,18,30,100,16,52,10,8,3,18,4,14,3,true,2.5,1.8,2.0,0.06,4
Лорд пламени,👿,demon,"[""abyss"", ""crypt"", ""cursed"", ""volcano""]",4,3,4,28,40,100,20,74,11,12,4,26,4,20,4,true,2.5,1.8,2.0,0.06,4
Князь преисподней,👿,demon,"[""abyss"", ""crypt"", ""cursed"", ""volcano""]",5,4,5,38,50,100,26,100,13,17,5,36,5,28,5,true,2.5,1.8,2.0,0.06,4
Демон-скелет,💀,demon,"[""crypt"", ""cursed""]",1,1,1,1,10,100,8,24,8,3,2,8,3,6,2,true,2.5,1.8,2.0,0.06,4
Инфернальный воин,💀,demon,"[""crypt"", ""cursed""]",2,1,2,8,20,100,12,36,9,5,3,12,3,10,3,true,2.5,1.8,2.0,0.06,4
Демон-рыцарь,💀,demon,"[""crypt"", ""cursed""]",3,2,3,18,30,100,16,52,10,8,3,18,4,14,3,true,2.5,1.8,2.0,0.06,4
Адский лорд,💀,demon,"[""crypt"", ""cursed""]",4,3,4,28,40,100,20,74,11,12,4,26,4,20,4,true,2.5,1.8,2.0,0.06,4
Тёмный бог,💀,demon,"[""crypt"", ""cursed""]",5,4,5,38,50,100,26,100,13,17,5,36,5,28,5,true,2.5,1.8,2.0,0.06,4
Тёмный отпрыск,🕳️,demon,"[""abyss""]",1,1,1,1,10,100,8,24,8,3,2,8,3,6,2,true,2.5,1.8,2.0,0.06,4
Порождение бездны,🕳️,demon,"[""abyss""]",2,1,2,8,20,100,12,36,9,5,3,12,3,10,3,true,2.5,1.8,2.0,0.06,4
Страж врат,🕳️,demon,"[""abyss""]",3,2,3,18,30,100,16,52,10,8,3,18,4,14,3,true,2.5,1.8,2.0,0.06,4
Хранитель бездны,🕳️,demon,"[""abyss""]",4,3,4,28,40,100,20,74,11,12,4,26,4,20,4,true,2.5,1.8,2.0,0.06,4
Владыка хаоса,🕳️,demon,"[""abyss""]",5,4,5,38,50,100,26,100,13,17,5,36,5,28,5,true,2.5,1.8,2.0,0.06,4
Огненная искра,🔥,elemental,"[""volcano"", ""abyss""]",1,1,1,1,10,100,8,24,8,3,2,8,3,6,2,true,2.5,1.8,2.0,0.06,4
Огненный элементаль,🔥,elemental,"[""volcano"", ""abyss""]",2,1,2,8,20,100,12,36,9,5,3,12,3,10,3,true,2.5,1.8,2.0,0.06,4
Пламенный дух,🔥,elemental,"[""volcano"", ""abyss""]",3,2,3,18,30,100,16,52,10,8,3,18,4,14,3,true,2.5,1.8,2.0,0.06,4
Огненный гигант,🔥,elemental,"[""volcano"", ""abyss""]",4,3,4,28,40,100,20,74,11,12,4,26,4,20,4,true,2.5,1.8,2.0,0.06,4
Повелитель огня,🔥,elemental,"[""volcano"", ""abyss""]",5,4,5,38,50,100,26,100,13,17,5,36,5,28,5,true,2.5,1.8,2.0,0.06,4
Ледяной осколок,❄️,elemental,"[""tundra"", ""cave""]",1,1,1,1,10,100,8,24,8,3,2,8,3,6,2,true,2.5,1.8,2.0,0.06,4
Ледяной элементаль,❄️,elemental,"[""tundra"", ""cave""]",2,1,2,8,20,100,12,36,9,5,3,12,3,10,3,true,2.5,1.8,2.0,0.06,4
Морозный дух,❄️,elemental,"[""tundra"", ""cave""]",3,2,3,18,30,100,16,52,10,8,3,18,4,14,3,true,2.5,1.8,2.0,0.06,4
Ледяной голем,❄️,elemental,"[""tundra"", ""cave""]",4,3,4,28,40,100,20,74,11,12,4,26,4,20,4,true,2.5,1.8,2.0,0.06,4
Владыка льда,❄️,elemental,"[""tundra"", ""cave""]",5,4,5,38,50,100,26,100,13,17,5,36,5,28,5,true,2.5,1.8,2.0,0.06,4
Шаровая молния,⚡,elemental,"[""sky"", ""ruins""]",1,1,1,1,10,100,8,24,8,3,2,8,3,6,2,true,2.5,1.8,2.0,0.06,4
Грозовой элементаль,⚡,elemental,"[""sky"", ""ruins""]",2,1,2,8,20,100,12,36,9,5,3,12,3,10,3,true,2.5,1.8,2.0,0.06,4
Буревестник,⚡,elemental,"[""sky"", ""ruins""]",3,2,3,18,30,100,16,52,10,8,3,18,4,14,3,true,2.5,1.8,2.0,0.06,4
Повелитель бури,⚡,elemental,"[""sky"", ""ruins""]",4,3,4,28,40,100,20,74,11,12,4,26,4,20,4,true,2.5,1.8,2.0,0.06,4
Владыка грозы,⚡,elemental,"[""sky"", ""ruins""]",5,4,5,38,50,100,26,100,13,17,5,36,5,28,5,true,2.5,1.8,2.0,0.06,4
Камешек,🪨,elemental,"[""cave"", ""ruins"", ""desert""]",1,1,1,1,10,100,8,24,8,3,2,8,3,6,2,true,2.5,1.8,2.0,0.06,4
Земляной элементаль,🪨,elemental,"[""cave"", ""ruins"", ""desert""]",2,1,2,8,20,100,12,36,9,5,3,12,3,10,3,true,2.5,1.8,2.0,0.06,4
Каменный дух,🪨,elemental,"[""cave"", ""ruins"", ""desert""]",3,2,3,18,30,100,16,52,10,8,3,18,4,14,3,true,2.5,1.8,2.0,0.06,4
Скальный голем,🪨,elemental,"[""cave"", ""ruins"", ""desert""]",4,3,4,28,40,100,20,74,11,12,4,26,4,20,4,true,2.5,1.8,2.0,0.06,4
Хранитель земли,🪨,elemental,"[""cave"", ""ruins"", ""desert""]",5,4,5,38,50,100,26,100,13,17,5,36,5,28,5,true,2.5,1.8,2.0,0.06,4
Водяная струя,🌊,elemental,"[""sea_depth"", ""swamp""]",1,1,1,1,10,100,8,24,8,3,2,8,3,6,2,true,2.5,1.8,2.0,0.06,4
Водный элементаль,🌊,elemental,"[""sea_depth"", ""swamp""]",2,1,2,8,20,100,12,36,9,5,3,12,3,10,3,true,2.5,1.8,2.0,0.06,4
Морской дух,🌊,elemental,"[""sea_depth"", ""swamp""]",3,2,3,18,30,100,16,52,10,8,3,18,4,14,3,true,2.5,1.8,2.0,0.06,4
Водяной великан,🌊,elemental,"[""sea_depth"", ""swamp""]",4,3,4,28,40,100,20,74,11,12,4,26,4,20,4,true,2.5,1.8,2.0,0.06,4
Владыка морей,🌊,elemental,"[""sea_depth"", ""swamp""]",5,4,5,38,50,100,26,100,13,17,5,36,5,28,5,true,2.5,1.8,2.0,0.06,4
Пылевой вихрь,🌪️,elemental,"[""desert""]",1,1,1,1,10,100,8,24,8,3,2,8,3,6,2,true,2.5,1.8,2.0,0.06,4
Песчаный элементаль,🌪️,elemental,"[""desert""]",2,1,2,8,20,100,12,36,9,5,3,12,3,10,3,true,2.5,1.8,2.0,0.06,4
Дух пустыни,🌪️,elemental,"[""desert""]",3,2,3,18,30,100,16,52,10,8,3,18,4,14,3,true,2.5,1.8,2.0,0.06,4
Песчаный великан,🌪️,elemental,"[""desert""]",4,3,4,28,40,100,20,74,11,12,4,26,4,20,4,true,2.5,1.8,2.0,0.06,4
Буря пустыни,🌪️,elemental,"[""desert""]",5,4,5,38,50,100,26,100,13,17,5,36,5,28,5,true,2.5,1.8,2.0,0.06,4
Ядовитое облако,☠️,elemental,"[""swamp"", ""cave""]",1,1,1,1,10,100,8,24,8,3,2,8,3,6,2,true,2.5,1.8,2.0,0.06,4
Ядовитый элементаль,☠️,elemental,"[""swamp"", ""cave""]",2,1,2,8,20,100,12,36,9,5,3,12,3,10,3,true,2.5,1.8,2.0,0.06,4
Токсичный дух,☠️,elemental,"[""swamp"", ""cave""]",3,2,3,18,30,100,16,52,10,8,3,18,4,14,3,true,2.5,1.8,2.0,0.06,4
Ядовитый колосс,☠️,elemental,"[""swamp"", ""cave""]",4,3,4,28,40,100,20,74,11,12,4,26,4,20,4,true,2.5,1.8,2.0,0.06,4
Владыка яда,☠️,elemental,"[""swamp"", ""cave""]",5,4,5,38,50,100,26,100,13,17,5,36,5,28,5,true,2.5,1.8,2.0,0.06,4
Ржавый механизм,🛡️,construct,"[""ruins"", ""crypt"", ""fortress""]",1,1,1,1,10,100,8,24,8,3,2,8,3,6,2,true,2.5,1.8,2.0,0.06,4
Живой доспех,🛡️,construct,"[""ruins"", ""crypt"", ""fortress""]",2,1,2,8,20,100,12,36,9,5,3,12,3,10,3,true,2.5,1.8,2.0,0.06,4
Боевой голем,🛡️,construct,"[""ruins"", ""crypt"", ""fortress""]",3,2,3,18,30,100,16,52,10,8,3,18,4,14,3,true,2.5,1.8,2.0,0.06,4
Древний голем,🛡️,construct,"[""ruins"", ""crypt"", ""fortress""]",4,3,4,28,40,100,20,74,11,12,4,26,4,20,4,true,2.5,1.8,2.0,0.06,4
Страж-архонт,🛡️,construct,"[""ruins"", ""crypt"", ""fortress""]",5,4,5,38,50,100,26,100,13,17,5,36,5,28,5,true,2.5,1.8,2.0,0.06,4
Магическая ловушка,⚙️,construct,"[""ruins"", ""fortress""]",1,1,1,1,10,100,8,24,8,3,2,8,3,6,2,true,2.5,1.8,2.0,0.06,4
Страж руин,⚙️,construct,"[""ruins"", ""fortress""]",2,1,2,8,20,100,12,36,9,5,3,12,3,10,3,true,2.5,1.8,2.0,0.06,4
Каменный часовой,⚙️,construct,"[""ruins"", ""fortress""]",3,2,3,18,30,100,16,52,10,8,3,18,4,14,3,true,2.5,1.8,2.0,0.06,4
Железный страж,⚙️,construct,"[""ruins"", ""fortress""]",4,3,4,28,40,100,20,74,11,12,4,26,4,20,4,true,2.5,1.8,2.0,0.06,4
Механический колосс,⚙️,construct,"[""ruins"", ""fortress""]",5,4,5,38,50,100,26,100,13,17,5,36,5,28,5,true,2.5,1.8,2.0,0.06,4
Каменная статуя,🗿,construct,"[""desert"", ""ruins""]",1,1,1,1,10,100,8,24,8,3,2,8,3,6,2,true,2.5,1.8,2.0,0.06,4
Ожившая статуя,🗿,construct,"[""desert"", ""ruins""]",2,1,2,8,20,100,12,36,9,5,3,12,3,10,3,true,2.5,1.8,2.0,0.06,4
Сфинкс,🗿,construct,"[""desert"", ""ruins""]",3,2,3,18,30,100,16,52,10,8,3,18,4,14,3,true,2.5,1.8,2.0,0.06,4
Древний сфинкс,🗿,construct,"[""desert"", ""ruins""]",4,3,4,28,40,100,20,74,11,12,4,26,4,20,4,true,2.5,1.8,2.0,0.06,4
Вечный сфинкс,🗿,construct,"[""desert"", ""ruins""]",5,4,5,38,50,100,26,100,13,17,5,36,5,28,5,true,2.5,1.8,2.0,0.06,4
Сломанный автоматон,🤖,construct,"[""fortress""]",1,1,1,1,10,100,8,24,8,3,2,8,3,6,2,true,2.5,1.8,2.0,0.06,4
Боевой автоматон,🤖,construct,"[""fortress""]",2,1,2,8,20,100,12,36,9,5,3,12,3,10,3,true,2.5,1.8,2.0,0.06,4
Паровой рыцарь,🤖,construct,"[""fortress""]",3,2,3,18,30,100,16,52,10,8,3,18,4,14,3,true,2.5,1.8,2.0,0.06,4
Военная машина,🤖,construct,"[""fortress""]",4,3,4,28,40,100,20,74,11,12,4,26,4,20,4,true,2.5,1.8,2.0,0.06,4
Бог-машина,🤖,construct,"[""fortress""]",5,4,5,38,50,100,26,100,13,17,5,36,5,28,5,true,2.5,1.8,2.0,0.06,4
Слизень,🟢,slime,"[""cave"", ""ruins""]",1,1,1,1,10,100,8,24,8,3,2,8,3,6,2,true,2.5,1.8,2.0,0.06,4
Слизь,🟢,slime,"[""cave"", ""ruins""]",2,1,2,8,20,100,12,36,9,5,3,12,3,10,3,true,2.5,1.8,2.0,0.06,4
Кислотная слизь,🟢,slime,"[""cave"", ""ruins""]",3,2,3,18,30,100,16,52,10,8,3,18,4,14,3,true,2.5,1.8,2.0,0.06,4
Слизевой куб,🟢,slime,"[""cave"", ""ruins""]",4,3,4,28,40,100,20,74,11,12,4,26,4,20,4,true,2.5,1.8,2.0,0.06,4
Слизевой властелин,🟢,slime,"[""cave"", ""ruins""]",5,4,5,38,50,100,26,100,13,17,5,36,5,28,5,true,2.5,1.8,2.0,0.06,4
Болотная жижа,🟤,slime,"[""swamp""]",1,1,1,1,10,100,8,24,8,3,2,8,3,6,2,true,2.5,1.8,2.0,0.06,4
Болотная слизь,🟤,slime,"[""swamp""]",2,1,2,8,20,100,12,36,9,5,3,12,3,10,3,true,2.5,1.8,2.0,0.06,4
Токсичная слизь,🟤,slime,"[""swamp""]",3,2,3,18,30,100,16,52,10,8,3,18,4,14,3,true,2.5,1.8,2.0,0.06,4
Ядовитый пузырь,🟤,slime,"[""swamp""]",4,3,4,28,40,100,20,74,11,12,4,26,4,20,4,true,2.5,1.8,2.0,0.06,4
Древняя слизь,🟤,slime,"[""swamp""]",5,4,5,38,50,100,26,100,13,17,5,36,5,28,5,true,2.5,1.8,2.0,0.06,4
Кристальный слизень,💎,slime,"[""cave""]",1,1,1,1,10,100,8,24,8,3,2,8,3,6,2,true,2.5,1.8,2.0,0.06,4
Кристальная слизь,💎,slime,"[""cave""]",2,1,2,8,20,100,12,36,9,5,3,12,3,10,3,true,2.5,1.8,2.0,0.06,4
Острая слизь,💎,slime,"[""cave""]",3,2,3,18,30,100,16,52,10,8,3,18,4,14,3,true,2.5,1.8,2.0,0.06,4
Кристальный куб,💎,slime,"[""cave""]",4,3,4,28,40,100,20,74,11,12,4,26,4,20,4,true,2.5,1.8,2.0,0.06,4
Слизь-монолит,💎,slime,"[""cave""]",5,4,5,38,50,100,26,100,13,17,5,36,5,28,5,true,2.5,1.8,2.0,0.06,4
Дракончик,🐉,dragon,"[""volcano"", ""abyss""]",1,1,1,1,10,100,8,24,8,3,2,8,3,6,2,true,3.0,2.2,3.0,0.06,4
Молодой дракон,🐉,dragon,"[""volcano"", ""abyss""]",2,1,2,8,20,100,12,36,9,5,3,12,3,10,3,true,3.0,2.2,3.0,0.06,4
Огненный дракон,🐉,dragon,"[""volcano"", ""abyss""]",3,2,3,18,30,100,16,52,10,8,3,18,4,14,3,true,3.0,2.2,3.0,0.06,4
Древний дракон,🐉,dragon,"[""volcano"", ""abyss""]",4,3,4,28,40,100,20,74,11,12,4,26,4,20,4,true,3.0,2.2,3.0,0.06,4
Дракон-властелин,🐉,dragon,"[""volcano"", ""abyss""]",5,4,5,38,50,100,26,100,13,17,5,36,5,28,5,true,3.0,2.2,3.0,0.06,4
Ледяной ящерёнок,🐉,dragon,"[""tundra"", ""cave""]",1,1,1,1,10,100,8,24,8,3,2,8,3,6,2,true,3.0,2.2,3.0,0.06,4
Ледяной дракон,🐉,dragon,"[""tundra"", ""cave""]",2,1,2,8,20,100,12,36,9,5,3,12,3,10,3,true,3.0,2.2,3.0,0.06,4
Морозный дракон,🐉,dragon,"[""tundra"", ""cave""]",3,2,3,18,30,100,16,52,10,8,3,18,4,14,3,true,3.0,2.2,3.0,0.06,4
Зимний дракон,🐉,dragon,"[""tundra"", ""cave""]",4,3,4,28,40,100,20,74,11,12,4,26,4,20,4,true,3.0,2.2,3.0,0.06,4
Вечный ледяной дракон,🐉,dragon,"[""tundra"", ""cave""]",5,4,5,38,50,100,26,100,13,17,5,36,5,28,5,true,3.0,2.2,3.0,0.06,4
Воздушный змей,🐲,dragon,"[""sky""]",1,1,1,1,10,100,8,24,8,3,2,8,3,6,2,true,3.0,2.2,3.0,0.06,4
Облачный дракон,🐲,dragon,"[""sky""]",2,1,2,8,20,100,12,36,9,5,3,12,3,10,3,true,3.0,2.2,3.0,0.06,4
Дракон бури,🐲,dragon,"[""sky""]",3,2,3,18,30,100,16,52,10,8,3,18,4,14,3,true,3.0,2.2,3.0,0.06,4
Повелитель ветра,🐲,dragon,"[""sky""]",4,3,4,28,40,100,20,74,11,12,4,26,4,20,4,true,3.0,2.2,3.0,0.06,4
Небесный дракон,🐲,dragon,"[""sky""]",5,4,5,38,50,100,26,100,13,17,5,36,5,28,5,true,3.0,2.2,3.0,0.06,4
Тёмный дракончик,🐲,dragon,"[""abyss"", ""cursed""]",1,1,1,1,10,100,8,24,8,3,2,8,3,6,2,true,3.0,2.2,3.0,0.06,4
Теневой дракон,🐲,dragon,"[""abyss"", ""cursed""]",2,1,2,8,20,100,12,36,9,5,3,12,3,10,3,true,3.0,2.2,3.0,0.06,4
Дракон бездны,🐲,dragon,"[""abyss"", ""cursed""]",3,2,3,18,30,100,16,52,10,8,3,18,4,14,3,true,3.0,2.2,3.0,0.06,4
Проклятый дракон,🐲,dragon,"[""abyss"", ""cursed""]",4,3,4,28,40,100,20,74,11,12,4,26,4,20,4,true,3.0,2.2,3.0,0.06,4
Тёмный бог-дракон,🐲,dragon,"[""abyss"", ""cursed""]",5,4,5,38,50,100,26,100,13,17,5,36,5,28,5,true,3.0,2.2,3.0,0.06,4
Спригган,🧚,fae,"[""forest"", ""sky""]",1,1,1,1,10,100,8,24,8,3,2,8,3,6,2,true,2.5,1.8,2.0,0.06,4
Фея-трикстер,🧚,fae,"[""forest"", ""sky""]",2,1,2,8,20,100,12,36,9,5,3,12,3,10,3,true,2.5,1.8,2.0,0.06,4
Фейский страж,🧚,fae,"[""forest"", ""sky""]",3,2,3,18,30,100,16,52,10,8,3,18,4,14,3,true,2.5,1.8,2.0,0.06,4
Фейский рыцарь,🧚,fae,"[""forest"", ""sky""]",4,3,4,28,40,100,20,74,11,12,4,26,4,20,4,true,2.5,1.8,2.0,0.06,4
Лорд фей,🧚,fae,"[""forest"", ""sky""]",5,4,5,38,50,100,26,100,13,17,5,36,5,28,5,true,2.5,1.8,2.0,0.06,4
Древесный дух,🌳,fae,"[""forest""]",1,1,1,1,10,100,8,24,8,3,2,8,3,6,2,true,2.5,1.8,2.0,0.06,4
Страж леса,🌳,fae,"[""forest""]",2,1,2,8,20,100,12,36,9,5,3,12,3,10,3,true,2.5,1.8,2.0,0.06,4
Древний дух,🌳,fae,"[""forest""]",3,2,3,18,30,100,16,52,10,8,3,18,4,14,3,true,2.5,1.8,2.0,0.06,4
Хранитель рощи,🌳,fae,"[""forest""]",4,3,4,28,40,100,20,74,11,12,4,26,4,20,4,true,2.5,1.8,2.0,0.06,4
Душа леса,🌳,fae,"[""forest""]",5,4,5,38,50,100,26,100,13,17,5,36,5,28,5,true,2.5,1.8,2.0,0.06,4
Болотный огонёк,🌿,fae,"[""swamp""]",1,1,1,1,10,100,8,24,8,3,2,8,3,6,2,true,2.5,1.8,2.0,0.06,4
Болотная ведьма,🌿,fae,"[""swamp""]",2,1,2,8,20,100,12,36,9,5,3,12,3,10,3,true,2.5,1.8,2.0,0.06,4
Топяная фея,🌿,fae,"[""swamp""]",3,2,3,18,30,100,16,52,10,8,3,18,4,14,3,true,2.5,1.8,2.0,0.06,4
Владычица болот,🌿,fae,"[""swamp""]",4,3,4,28,40,100,20,74,11,12,4,26,4,20,4,true,2.5,1.8,2.0,0.06,4
Праматерь болот,🌿,fae,"[""swamp""]",5,4,5,38,50,100,26,100,13,17,5,36,5,28,5,true,2.5,1.8,2.0,0.06,4
Снежинка,❄️,fae,"[""tundra""]",1,1,1,1,10,100,8,24,8,3,2,8,3,6,2,true,2.5,1.8,2.0,0.06,4
Зимняя фея,❄️,fae,"[""tundra""]",2,1,2,8,20,100,12,36,9,5,3,12,3,10,3,true,2.5,1.8,2.0,0.06,4
Дева льда,❄️,fae,"[""tundra""]",3,2,3,18,30,100,16,52,10,8,3,18,4,14,3,true,2.5,1.8,2.0,0.06,4
Снежная королева,❄️,fae,"[""tundra""]",4,3,4,28,40,100,20,74,11,12,4,26,4,20,4,true,2.5,1.8,2.0,0.06,4
Праматерь зимы,❄️,fae,"[""tundra""]",5,4,5,38,50,100,26,100,13,17,5,36,5,28,5,true,2.5,1.8,2.0,0.06,4
